id,name,description,credit,credit_fee,theory_duration,exercise_duration,practice_duration,weight,en_name,abbr_name,language,evaluation
IT1111,anh yêu em. a nh? em,anh yêu em. a nh? em,1,1,1,1,1,2,MH01,SB1,En,hello
IT2222,anh yêu em. a nh? em,anh yêu em. a nh? em,1,1,1,1,1,2,MH01,SB1,En,hello
IT3333,anh yêu em. a nh? em,anh yêu em. a nh? em,1,1,1,1,1,2,MH01,SB1,En,hello
IT4444,anh yêu em. a nh? em,anh yêu em. a nh? em,1,1,1,1,1,2,MH01,SB1,En,hello
IT5555,anh yêu em. a nh? em,anh yêu em. a nh? em,1,1,1,1,1,2,MH01,SB1,En,hello
IT6666,anh yêu em. a nh? em,anh yêu em. a nh? em,1,1,1,1,1,2,MH01,SB1,En,hello
IT7777,anh yêu em. a nh? em,anh yêu em. a nh? em,1,1,1,1,1,2,MH01,SB1,En,hello
IT8888,anh yêu em. a nh? em,anh yêu em. a nh? em,1,1,1,1,1,2,MH01,SB1,En,hello
IT9999,anh yêu em. a nh? em,anh yêu em. a nh? em,1,1,1,1,1,2,MH01,SB1,En,hello
IT11110,anh yêu em. a nh? em,anh yêu em. a nh? em,1,1,1,1,1,2,MH01,SB1,En,hello
IT12221,anh yêu em. a nh? em,anh yêu em. a nh? em,1,1,1,1,1,2,MH01,SB1,En,hello
IT13332,anh yêu em. a nh? em,anh yêu em. a nh? em,1,1,1,1,1,2,MH01,SB1,En,hello
IT14443,anh yêu em. a nh? em,anh yêu em. a nh? em,1,1,1,1,1,2,MH01,SB1,En,hello
IT15554,anh yêu em. a nh? em,anh yêu em. a nh? em,1,1,1,1,1,2,MH01,SB1,En,hello
IT16665,anh yêu em. a nh? em,anh yêu em. a nh? em,1,1,1,1,1,2,MH01,SB1,En,hello
IT17776,anh yêu em. a nh? em,anh yêu em. a nh? em,1,1,1,1,1,2,MH01,SB1,En,hello
IT18887,anh yêu em. a nh? em,anh yêu em. a nh? em,1,1,1,1,1,2,MH01,SB1,En,hello
IT19998,anh yêu em. a nh? em,anh yêu em. a nh? em,1,1,1,1,1,2,MH01,SB1,En,hello
IT21109,anh yêu em. a nh? em,anh yêu em. a nh? em,1,1,1,1,1,2,MH01,SB1,En,hello
IT22220,anh yêu em. a nh? em,anh yêu em. a nh? em,1,1,1,1,1,2,MH01,SB1,En,hello
IT23331,anh yêu em. a nh? em,anh yêu em. a nh? em,1,1,1,1,1,2,MH01,SB1,En,hello
IT24442,anh yêu em. a nh? em,anh yêu em. a nh? em,1,1,1,1,1,2,MH01,SB1,En,hello
IT25553,anh yêu em. a nh? em,anh yêu em. a nh? em,1,1,1,1,1,2,MH01,SB1,En,hello
IT26664,anh yêu em. a nh? em,anh yêu em. a nh? em,1,1,1,1,1,2,MH01,SB1,En,hello
IT27775,anh yêu em. a nh? em,anh yêu em. a nh? em,1,1,1,1,1,2,MH01,SB1,En,hello
IT28886,anh yêu em. a nh? em,anh yêu em. a nh? em,1,1,1,1,1,2,MH01,SB1,En,hello
IT29997,anh yêu em. a nh? em,anh yêu em. a nh? em,1,1,1,1,1,2,MH01,SB1,En,hello
IT31108,anh yêu em. a nh? em,anh yêu em. a nh? em,1,1,1,1,1,2,MH01,SB1,En,hello
IT32219,anh yêu em. a nh? em,anh yêu em. a nh? em,1,1,1,1,1,2,MH01,SB1,En,hello
IT33330,anh yêu em. a nh? em,anh yêu em. a nh? em,1,1,1,1,1,2,MH01,SB1,En,hello
IT34441,anh yêu em. a nh? em,anh yêu em. a nh? em,1,1,1,1,1,2,MH01,SB1,En,hello
IT35552,anh yêu em. a nh? em,anh yêu em. a nh? em,1,1,1,1,1,2,MH01,SB1,En,hello
IT36663,anh yêu em. a nh? em,anh yêu em. a nh? em,1,1,1,1,1,2,MH01,SB1,En,hello
IT37774,anh yêu em. a nh? em,anh yêu em. a nh? em,1,1,1,1,1,2,MH01,SB1,En,hello
IT38885,anh yêu em. a nh? em,anh yêu em. a nh? em,1,1,1,1,1,2,MH01,SB1,En,hello
IT39996,anh yêu em. a nh? em,anh yêu em. a nh? em,1,1,1,1,1,2,MH01,SB1,En,hello
IT41107,anh yêu em. a nh? em,anh yêu em. a nh? em,1,1,1,1,1,2,MH01,SB1,En,hello
IT42218,anh yêu em. a nh? em,anh yêu em. a nh? em,1,1,1,1,1,2,MH01,SB1,En,hello
IT43329,anh yêu em. a nh? em,anh yêu em. a nh? em,1,1,1,1,1,2,MH01,SB1,En,hello
IT44440,anh yêu em. a nh? em,anh yêu em. a nh? em,1,1,1,1,1,2,MH01,SB1,En,hello
IT45551,anh yêu em. a nh? em,anh yêu em. a nh? em,1,1,1,1,1,2,MH01,SB1,En,hello
IT46662,anh yêu em. a nh? em,anh yêu em. a nh? em,1,1,1,1,1,2,MH01,SB1,En,hello
IT47773,anh yêu em. a nh? em,anh yêu em. a nh? em,1,1,1,1,1,2,MH01,SB1,En,hello
IT48884,anh yêu em. a nh? em,anh yêu em. a nh? em,1,1,1,1,1,2,MH01,SB1,En,hello
IT49995,anh yêu em. a nh? em,anh yêu em. a nh? em,1,1,1,1,1,2,MH01,SB1,En,hello
IT51106,anh yêu em. a nh? em,anh yêu em. a nh? em,1,1,1,1,1,2,MH01,SB1,En,hello
IT52217,anh yêu em. a nh? em,anh yêu em. a nh? em,1,1,1,1,1,2,MH01,SB1,En,hello
IT53328,anh yêu em. a nh? em,anh yêu em. a nh? em,1,1,1,1,1,2,MH01,SB1,En,hello
IT54439,anh yêu em. a nh? em,anh yêu em. a nh? em,1,1,1,1,1,2,MH01,SB1,En,hello
IT55550,anh yêu em. a nh? em,anh yêu em. a nh? em,1,1,1,1,1,2,MH01,SB1,En,hello
IT56661,anh yêu em. a nh? em,anh yêu em. a nh? em,1,1,1,1,1,2,MH01,SB1,En,hello
IT57772,anh yêu em. a nh? em,anh yêu em. a nh? em,1,1,1,1,1,2,MH01,SB1,En,hello
IT58883,anh yêu em. a nh? em,anh yêu em. a nh? em,1,1,1,1,1,2,MH01,SB1,En,hello
IT59994,anh yêu em. a nh? em,anh yêu em. a nh? em,1,1,1,1,1,2,MH01,SB1,En,hello
IT61105,anh yêu em. a nh? em,anh yêu em. a nh? em,1,1,1,1,1,2,MH01,SB1,En,hello
IT62216,anh yêu em. a nh? em,anh yêu em. a nh? em,1,1,1,1,1,2,MH01,SB1,En,hello
IT63327,anh yêu em. a nh? em,anh yêu em. a nh? em,1,1,1,1,1,2,MH01,SB1,En,hello
IT64438,anh yêu em. a nh? em,anh yêu em. a nh? em,1,1,1,1,1,2,MH01,SB1,En,hello
IT65549,anh yêu em. a nh? em,anh yêu em. a nh? em,1,1,1,1,1,2,MH01,SB1,En,hello
IT66660,anh yêu em. a nh? em,anh yêu em. a nh? em,1,1,1,1,1,2,MH01,SB1,En,hello
IT67771,anh yêu em. a nh? em,anh yêu em. a nh? em,1,1,1,1,1,2,MH01,SB1,En,hello
IT68882,anh yêu em. a nh? em,anh yêu em. a nh? em,1,1,1,1,1,2,MH01,SB1,En,hello
IT69993,anh yêu em. a nh? em,anh yêu em. a nh? em,1,1,1,1,1,2,MH01,SB1,En,hello
IT71104,anh yêu em. a nh? em,anh yêu em. a nh? em,1,1,1,1,1,2,MH01,SB1,En,hello
IT72215,anh yêu em. a nh? em,anh yêu em. a nh? em,1,1,1,1,1,2,MH01,SB1,En,hello
IT73326,anh yêu em. a nh? em,anh yêu em. a nh? em,1,1,1,1,1,2,MH01,SB1,En,hello
IT74437,anh yêu em. a nh? em,anh yêu em. a nh? em,1,1,1,1,1,2,MH01,SB1,En,hello
IT75548,anh yêu em. a nh? em,anh yêu em. a nh? em,1,1,1,1,1,2,MH01,SB1,En,hello
IT76659,anh yêu em. a nh? em,anh yêu em. a nh? em,1,1,1,1,1,2,MH01,SB1,En,hello
IT77770,anh yêu em. a nh? em,anh yêu em. a nh? em,1,1,1,1,1,2,MH01,SB1,En,hello
IT78881,anh yêu em. a nh? em,anh yêu em. a nh? em,1,1,1,1,1,2,MH01,SB1,En,hello
IT79992,anh yêu em. a nh? em,anh yêu em. a nh? em,1,1,1,1,1,2,MH01,SB1,En,hello
IT81103,anh yêu em. a nh? em,anh yêu em. a nh? em,1,1,1,1,1,2,MH01,SB1,En,hello
IT82214,anh yêu em. a nh? em,anh yêu em. a nh? em,1,1,1,1,1,2,MH01,SB1,En,hello
IT83325,anh yêu em. a nh? em,anh yêu em. a nh? em,1,1,1,1,1,2,MH01,SB1,En,hello
IT84436,anh yêu em. a nh? em,anh yêu em. a nh? em,1,1,1,1,1,2,MH01,SB1,En,hello
IT85547,anh yêu em. a nh? em,anh yêu em. a nh? em,1,1,1,1,1,2,MH01,SB1,En,hello
IT86658,anh yêu em. a nh? em,anh yêu em. a nh? em,1,1,1,1,1,2,MH01,SB1,En,hello
IT87769,anh yêu em. a nh? em,anh yêu em. a nh? em,1,1,1,1,1,2,MH01,SB1,En,hello
IT88880,anh yêu em. a nh? em,anh yêu em. a nh? em,1,1,1,1,1,2,MH01,SB1,En,hello
IT89991,anh yêu em. a nh? em,anh yêu em. a nh? em,1,1,1,1,1,2,MH01,SB1,En,hello
IT91102,anh yêu em. a nh? em,anh yêu em. a nh? em,1,1,1,1,1,2,MH01,SB1,En,hello
IT92213,anh yêu em. a nh? em,anh yêu em. a nh? em,1,1,1,1,1,2,MH01,SB1,En,hello
IT93324,anh yêu em. a nh? em,anh yêu em. a nh? em,1,1,1,1,1,2,MH01,SB1,En,hello
IT94435,anh yêu em. a nh? em,anh yêu em. a nh? em,1,1,1,1,1,2,MH01,SB1,En,hello
IT95546,anh yêu em. a nh? em,anh yêu em. a nh? em,1,1,1,1,1,2,MH01,SB1,En,hello
IT96657,anh yêu em. a nh? em,anh yêu em. a nh? em,1,1,1,1,1,2,MH01,SB1,En,hello
IT97768,anh yêu em. a nh? em,anh yêu em. a nh? em,1,1,1,1,1,2,MH01,SB1,En,hello
IT98879,anh yêu em. a nh? em,anh yêu em. a nh? em,1,1,1,1,1,2,MH01,SB1,En,hello
IT99990,anh yêu em. a nh? em,anh yêu em. a nh? em,1,1,1,1,1,2,MH01,SB1,En,hello
IT101101,anh yêu em. a nh? em,anh yêu em. a nh? em,1,1,1,1,1,2,MH01,SB1,En,hello
IT102212,anh yêu em. a nh? em,anh yêu em. a nh? em,1,1,1,1,1,2,MH01,SB1,En,hello
IT103323,anh yêu em. a nh? em,anh yêu em. a nh? em,1,1,1,1,1,2,MH01,SB1,En,hello
IT104434,anh yêu em. a nh? em,anh yêu em. a nh? em,1,1,1,1,1,2,MH01,SB1,En,hello
IT105545,anh yêu em. a nh? em,anh yêu em. a nh? em,1,1,1,1,1,2,MH01,SB1,En,hello
IT106656,anh yêu em. a nh? em,anh yêu em. a nh? em,1,1,1,1,1,2,MH01,SB1,En,hello
IT107767,anh yêu em. a nh? em,anh yêu em. a nh? em,1,1,1,1,1,2,MH01,SB1,En,hello
IT108878,anh yêu em. a nh? em,anh yêu em. a nh? em,1,1,1,1,1,2,MH01,SB1,En,hello
IT109989,anh yêu em. a nh? em,anh yêu em. a nh? em,1,1,1,1,1,2,MH01,SB1,En,hello
IT111100,anh yêu em. a nh? em,anh yêu em. a nh? em,1,1,1,1,1,2,MH01,SB1,En,hello
IT112211,anh yêu em. a nh? em,anh yêu em. a nh? em,1,1,1,1,1,2,MH01,SB1,En,hello
IT113322,anh yêu em. a nh? em,anh yêu em. a nh? em,1,1,1,1,1,2,MH01,SB1,En,hello
IT114433,anh yêu em. a nh? em,anh yêu em. a nh? em,1,1,1,1,1,2,MH01,SB1,En,hello
IT115544,anh yêu em. a nh? em,anh yêu em. a nh? em,1,1,1,1,1,2,MH01,SB1,En,hello
IT116655,anh yêu em. a nh? em,anh yêu em. a nh? em,1,1,1,1,1,2,MH01,SB1,En,hello
IT117766,anh yêu em. a nh? em,anh yêu em. a nh? em,1,1,1,1,1,2,MH01,SB1,En,hello
IT118877,anh yêu em. a nh? em,anh yêu em. a nh? em,1,1,1,1,1,2,MH01,SB1,En,hello
IT119988,anh yêu em. a nh? em,anh yêu em. a nh? em,1,1,1,1,1,2,MH01,SB1,En,hello
IT121099,anh yêu em. a nh? em,anh yêu em. a nh? em,1,1,1,1,1,2,MH01,SB1,En,hello
IT122210,anh yêu em. a nh? em,anh yêu em. a nh? em,1,1,1,1,1,2,MH01,SB1,En,hello
IT123321,anh yêu em. a nh? em,anh yêu em. a nh? em,1,1,1,1,1,2,MH01,SB1,En,hello
IT124432,anh yêu em. a nh? em,anh yêu em. a nh? em,1,1,1,1,1,2,MH01,SB1,En,hello
IT125543,anh yêu em. a nh? em,anh yêu em. a nh? em,1,1,1,1,1,2,MH01,SB1,En,hello
IT126654,anh yêu em. a nh? em,anh yêu em. a nh? em,1,1,1,1,1,2,MH01,SB1,En,hello
IT127765,anh yêu em. a nh? em,anh yêu em. a nh? em,1,1,1,1,1,2,MH01,SB1,En,hello
IT128876,anh yêu em. a nh? em,anh yêu em. a nh? em,1,1,1,1,1,2,MH01,SB1,En,hello
IT129987,anh yêu em. a nh? em,anh yêu em. a nh? em,1,1,1,1,1,2,MH01,SB1,En,hello
IT131098,anh yêu em. a nh? em,anh yêu em. a nh? em,1,1,1,1,1,2,MH01,SB1,En,hello
IT132209,anh yêu em. a nh? em,anh yêu em. a nh? em,1,1,1,1,1,2,MH01,SB1,En,hello
IT133320,anh yêu em. a nh? em,anh yêu em. a nh? em,1,1,1,1,1,2,MH01,SB1,En,hello
IT134431,anh yêu em. a nh? em,anh yêu em. a nh? em,1,1,1,1,1,2,MH01,SB1,En,hello
IT135542,anh yêu em. a nh? em,anh yêu em. a nh? em,1,1,1,1,1,2,MH01,SB1,En,hello
IT136653,anh yêu em. a nh? em,anh yêu em. a nh? em,1,1,1,1,1,2,MH01,SB1,En,hello
IT137764,anh yêu em. a nh? em,anh yêu em. a nh? em,1,1,1,1,1,2,MH01,SB1,En,hello
IT138875,anh yêu em. a nh? em,anh yêu em. a nh? em,1,1,1,1,1,2,MH01,SB1,En,hello
IT139986,anh yêu em. a nh? em,anh yêu em. a nh? em,1,1,1,1,1,2,MH01,SB1,En,hello
IT141097,anh yêu em. a nh? em,anh yêu em. a nh? em,1,1,1,1,1,2,MH01,SB1,En,hello
IT142208,anh yêu em. a nh? em,anh yêu em. a nh? em,1,1,1,1,1,2,MH01,SB1,En,hello
IT143319,anh yêu em. a nh? em,anh yêu em. a nh? em,1,1,1,1,1,2,MH01,SB1,En,hello
IT144430,anh yêu em. a nh? em,anh yêu em. a nh? em,1,1,1,1,1,2,MH01,SB1,En,hello
IT145541,anh yêu em. a nh? em,anh yêu em. a nh? em,1,1,1,1,1,2,MH01,SB1,En,hello
IT146652,anh yêu em. a nh? em,anh yêu em. a nh? em,1,1,1,1,1,2,MH01,SB1,En,hello
IT147763,anh yêu em. a nh? em,anh yêu em. a nh? em,1,1,1,1,1,2,MH01,SB1,En,hello
IT148874,anh yêu em. a nh? em,anh yêu em. a nh? em,1,1,1,1,1,2,MH01,SB1,En,hello
IT149985,anh yêu em. a nh? em,anh yêu em. a nh? em,1,1,1,1,1,2,MH01,SB1,En,hello
IT151096,anh yêu em. a nh? em,anh yêu em. a nh? em,1,1,1,1,1,2,MH01,SB1,En,hello
IT152207,anh yêu em. a nh? em,anh yêu em. a nh? em,1,1,1,1,1,2,MH01,SB1,En,hello
IT153318,anh yêu em. a nh? em,anh yêu em. a nh? em,1,1,1,1,1,2,MH01,SB1,En,hello
IT154429,anh yêu em. a nh? em,anh yêu em. a nh? em,1,1,1,1,1,2,MH01,SB1,En,hello
IT155540,anh yêu em. a nh? em,anh yêu em. a nh? em,1,1,1,1,1,2,MH01,SB1,En,hello
IT156651,anh yêu em. a nh? em,anh yêu em. a nh? em,1,1,1,1,1,2,MH01,SB1,En,hello
IT157762,anh yêu em. a nh? em,anh yêu em. a nh? em,1,1,1,1,1,2,MH01,SB1,En,hello
IT158873,anh yêu em. a nh? em,anh yêu em. a nh? em,1,1,1,1,1,2,MH01,SB1,En,hello
IT159984,anh yêu em. a nh? em,anh yêu em. a nh? em,1,1,1,1,1,2,MH01,SB1,En,hello
IT161095,anh yêu em. a nh? em,anh yêu em. a nh? em,1,1,1,1,1,2,MH01,SB1,En,hello
IT162206,anh yêu em. a nh? em,anh yêu em. a nh? em,1,1,1,1,1,2,MH01,SB1,En,hello
IT163317,anh yêu em. a nh? em,anh yêu em. a nh? em,1,1,1,1,1,2,MH01,SB1,En,hello
IT164428,anh yêu em. a nh? em,anh yêu em. a nh? em,1,1,1,1,1,2,MH01,SB1,En,hello
IT165539,anh yêu em. a nh? em,anh yêu em. a nh? em,1,1,1,1,1,2,MH01,SB1,En,hello
IT166650,anh yêu em. a nh? em,anh yêu em. a nh? em,1,1,1,1,1,2,MH01,SB1,En,hello
IT167761,anh yêu em. a nh? em,anh yêu em. a nh? em,1,1,1,1,1,2,MH01,SB1,En,hello
IT168872,anh yêu em. a nh? em,anh yêu em. a nh? em,1,1,1,1,1,2,MH01,SB1,En,hello
IT169983,anh yêu em. a nh? em,anh yêu em. a nh? em,1,1,1,1,1,2,MH01,SB1,En,hello
IT171094,anh yêu em. a nh? em,anh yêu em. a nh? em,1,1,1,1,1,2,MH01,SB1,En,hello
IT172205,anh yêu em. a nh? em,anh yêu em. a nh? em,1,1,1,1,1,2,MH01,SB1,En,hello
IT173316,anh yêu em. a nh? em,anh yêu em. a nh? em,1,1,1,1,1,2,MH01,SB1,En,hello
IT174427,anh yêu em. a nh? em,anh yêu em. a nh? em,1,1,1,1,1,2,MH01,SB1,En,hello
IT175538,anh yêu em. a nh? em,anh yêu em. a nh? em,1,1,1,1,1,2,MH01,SB1,En,hello
IT176649,anh yêu em. a nh? em,anh yêu em. a nh? em,1,1,1,1,1,2,MH01,SB1,En,hello
IT177760,anh yêu em. a nh? em,anh yêu em. a nh? em,1,1,1,1,1,2,MH01,SB1,En,hello
IT178871,anh yêu em. a nh? em,anh yêu em. a nh? em,1,1,1,1,1,2,MH01,SB1,En,hello
IT179982,anh yêu em. a nh? em,anh yêu em. a nh? em,1,1,1,1,1,2,MH01,SB1,En,hello
IT181093,anh yêu em. a nh? em,anh yêu em. a nh? em,1,1,1,1,1,2,MH01,SB1,En,hello
IT182204,anh yêu em. a nh? em,anh yêu em. a nh? em,1,1,1,1,1,2,MH01,SB1,En,hello
IT183315,anh yêu em. a nh? em,anh yêu em. a nh? em,1,1,1,1,1,2,MH01,SB1,En,hello
IT184426,anh yêu em. a nh? em,anh yêu em. a nh? em,1,1,1,1,1,2,MH01,SB1,En,hello
IT185537,anh yêu em. a nh? em,anh yêu em. a nh? em,1,1,1,1,1,2,MH01,SB1,En,hello
IT186648,anh yêu em. a nh? em,anh yêu em. a nh? em,1,1,1,1,1,2,MH01,SB1,En,hello
IT187759,anh yêu em. a nh? em,anh yêu em. a nh? em,1,1,1,1,1,2,MH01,SB1,En,hello
IT188870,anh yêu em. a nh? em,anh yêu em. a nh? em,1,1,1,1,1,2,MH01,SB1,En,hello
IT189981,anh yêu em. a nh? em,anh yêu em. a nh? em,1,1,1,1,1,2,MH01,SB1,En,hello
IT191092,anh yêu em. a nh? em,anh yêu em. a nh? em,1,1,1,1,1,2,MH01,SB1,En,hello
IT192203,anh yêu em. a nh? em,anh yêu em. a nh? em,1,1,1,1,1,2,MH01,SB1,En,hello
IT193314,anh yêu em. a nh? em,anh yêu em. a nh? em,1,1,1,1,1,2,MH01,SB1,En,hello
IT194425,anh yêu em. a nh? em,anh yêu em. a nh? em,1,1,1,1,1,2,MH01,SB1,En,hello
IT195536,anh yêu em. a nh? em,anh yêu em. a nh? em,1,1,1,1,1,2,MH01,SB1,En,hello
IT196647,anh yêu em. a nh? em,anh yêu em. a nh? em,1,1,1,1,1,2,MH01,SB1,En,hello
IT197758,anh yêu em. a nh? em,anh yêu em. a nh? em,1,1,1,1,1,2,MH01,SB1,En,hello
IT198869,anh yêu em. a nh? em,anh yêu em. a nh? em,1,1,1,1,1,2,MH01,SB1,En,hello
IT199980,anh yêu em. a nh? em,anh yêu em. a nh? em,1,1,1,1,1,2,MH01,SB1,En,hello
IT201091,anh yêu em. a nh? em,anh yêu em. a nh? em,1,1,1,1,1,2,MH01,SB1,En,hello
IT202202,anh yêu em. a nh? em,anh yêu em. a nh? em,1,1,1,1,1,2,MH01,SB1,En,hello
IT203313,anh yêu em. a nh? em,anh yêu em. a nh? em,1,1,1,1,1,2,MH01,SB1,En,hello
IT204424,anh yêu em. a nh? em,anh yêu em. a nh? em,1,1,1,1,1,2,MH01,SB1,En,hello
IT205535,anh yêu em. a nh? em,anh yêu em. a nh? em,1,1,1,1,1,2,MH01,SB1,En,hello
IT206646,anh yêu em. a nh? em,anh yêu em. a nh? em,1,1,1,1,1,2,MH01,SB1,En,hello
IT207757,anh yêu em. a nh? em,anh yêu em. a nh? em,1,1,1,1,1,2,MH01,SB1,En,hello
IT208868,anh yêu em. a nh? em,anh yêu em. a nh? em,1,1,1,1,1,2,MH01,SB1,En,hello
IT209979,anh yêu em. a nh? em,anh yêu em. a nh? em,1,1,1,1,1,2,MH01,SB1,En,hello
IT211090,anh yêu em. a nh? em,anh yêu em. a nh? em,1,1,1,1,1,2,MH01,SB1,En,hello
IT212201,anh yêu em. a nh? em,anh yêu em. a nh? em,1,1,1,1,1,2,MH01,SB1,En,hello
IT213312,anh yêu em. a nh? em,anh yêu em. a nh? em,1,1,1,1,1,2,MH01,SB1,En,hello
IT214423,anh yêu em. a nh? em,anh yêu em. a nh? em,1,1,1,1,1,2,MH01,SB1,En,hello
IT215534,anh yêu em. a nh? em,anh yêu em. a nh? em,1,1,1,1,1,2,MH01,SB1,En,hello
IT216645,anh yêu em. a nh? em,anh yêu em. a nh? em,1,1,1,1,1,2,MH01,SB1,En,hello
IT217756,anh yêu em. a nh? em,anh yêu em. a nh? em,1,1,1,1,1,2,MH01,SB1,En,hello
IT218867,anh yêu em. a nh? em,anh yêu em. a nh? em,1,1,1,1,1,2,MH01,SB1,En,hello
IT219978,anh yêu em. a nh? em,anh yêu em. a nh? em,1,1,1,1,1,2,MH01,SB1,En,hello
IT221089,anh yêu em. a nh? em,anh yêu em. a nh? em,1,1,1,1,1,2,MH01,SB1,En,hello
IT222200,anh yêu em. a nh? em,anh yêu em. a nh? em,1,1,1,1,1,2,MH01,SB1,En,hello
IT223311,anh yêu em. a nh? em,anh yêu em. a nh? em,1,1,1,1,1,2,MH01,SB1,En,hello
IT224422,anh yêu em. a nh? em,anh yêu em. a nh? em,1,1,1,1,1,2,MH01,SB1,En,hello
IT225533,anh yêu em. a nh? em,anh yêu em. a nh? em,1,1,1,1,1,2,MH01,SB1,En,hello
IT226644,anh yêu em. a nh? em,anh yêu em. a nh? em,1,1,1,1,1,2,MH01,SB1,En,hello
IT227755,anh yêu em. a nh? em,anh yêu em. a nh? em,1,1,1,1,1,2,MH01,SB1,En,hello
IT228866,anh yêu em. a nh? em,anh yêu em. a nh? em,1,1,1,1,1,2,MH01,SB1,En,hello
IT229977,anh yêu em. a nh? em,anh yêu em. a nh? em,1,1,1,1,1,2,MH01,SB1,En,hello
IT231088,anh yêu em. a nh? em,anh yêu em. a nh? em,1,1,1,1,1,2,MH01,SB1,En,hello
IT232199,anh yêu em. a nh? em,anh yêu em. a nh? em,1,1,1,1,1,2,MH01,SB1,En,hello
IT233310,anh yêu em. a nh? em,anh yêu em. a nh? em,1,1,1,1,1,2,MH01,SB1,En,hello
IT234421,anh yêu em. a nh? em,anh yêu em. a nh? em,1,1,1,1,1,2,MH01,SB1,En,hello
IT235532,anh yêu em. a nh? em,anh yêu em. a nh? em,1,1,1,1,1,2,MH01,SB1,En,hello
IT236643,anh yêu em. a nh? em,anh yêu em. a nh? em,1,1,1,1,1,2,MH01,SB1,En,hello
IT237754,anh yêu em. a nh? em,anh yêu em. a nh? em,1,1,1,1,1,2,MH01,SB1,En,hello
IT238865,anh yêu em. a nh? em,anh yêu em. a nh? em,1,1,1,1,1,2,MH01,SB1,En,hello
IT239976,anh yêu em. a nh? em,anh yêu em. a nh? em,1,1,1,1,1,2,MH01,SB1,En,hello
IT241087,anh yêu em. a nh? em,anh yêu em. a nh? em,1,1,1,1,1,2,MH01,SB1,En,hello
IT242198,anh yêu em. a nh? em,anh yêu em. a nh? em,1,1,1,1,1,2,MH01,SB1,En,hello
IT243309,anh yêu em. a nh? em,anh yêu em. a nh? em,1,1,1,1,1,2,MH01,SB1,En,hello
IT244420,anh yêu em. a nh? em,anh yêu em. a nh? em,1,1,1,1,1,2,MH01,SB1,En,hello
IT245531,anh yêu em. a nh? em,anh yêu em. a nh? em,1,1,1,1,1,2,MH01,SB1,En,hello
IT246642,anh yêu em. a nh? em,anh yêu em. a nh? em,1,1,1,1,1,2,MH01,SB1,En,hello
IT247753,anh yêu em. a nh? em,anh yêu em. a nh? em,1,1,1,1,1,2,MH01,SB1,En,hello
IT248864,anh yêu em. a nh? em,anh yêu em. a nh? em,1,1,1,1,1,2,MH01,SB1,En,hello
IT249975,anh yêu em. a nh? em,anh yêu em. a nh? em,1,1,1,1,1,2,MH01,SB1,En,hello
IT251086,anh yêu em. a nh? em,anh yêu em. a nh? em,1,1,1,1,1,2,MH01,SB1,En,hello
IT252197,anh yêu em. a nh? em,anh yêu em. a nh? em,1,1,1,1,1,2,MH01,SB1,En,hello
IT253308,anh yêu em. a nh? em,anh yêu em. a nh? em,1,1,1,1,1,2,MH01,SB1,En,hello
IT254419,anh yêu em. a nh? em,anh yêu em. a nh? em,1,1,1,1,1,2,MH01,SB1,En,hello
IT255530,anh yêu em. a nh? em,anh yêu em. a nh? em,1,1,1,1,1,2,MH01,SB1,En,hello
IT256641,anh yêu em. a nh? em,anh yêu em. a nh? em,1,1,1,1,1,2,MH01,SB1,En,hello
IT257752,anh yêu em. a nh? em,anh yêu em. a nh? em,1,1,1,1,1,2,MH01,SB1,En,hello
IT258863,anh yêu em. a nh? em,anh yêu em. a nh? em,1,1,1,1,1,2,MH01,SB1,En,hello
IT259974,anh yêu em. a nh? em,anh yêu em. a nh? em,1,1,1,1,1,2,MH01,SB1,En,hello
IT261085,anh yêu em. a nh? em,anh yêu em. a nh? em,1,1,1,1,1,2,MH01,SB1,En,hello
IT262196,anh yêu em. a nh? em,anh yêu em. a nh? em,1,1,1,1,1,2,MH01,SB1,En,hello
IT263307,anh yêu em. a nh? em,anh yêu em. a nh? em,1,1,1,1,1,2,MH01,SB1,En,hello
IT264418,anh yêu em. a nh? em,anh yêu em. a nh? em,1,1,1,1,1,2,MH01,SB1,En,hello
IT265529,anh yêu em. a nh? em,anh yêu em. a nh? em,1,1,1,1,1,2,MH01,SB1,En,hello
IT266640,anh yêu em. a nh? em,anh yêu em. a nh? em,1,1,1,1,1,2,MH01,SB1,En,hello
IT267751,anh yêu em. a nh? em,anh yêu em. a nh? em,1,1,1,1,1,2,MH01,SB1,En,hello
IT268862,anh yêu em. a nh? em,anh yêu em. a nh? em,1,1,1,1,1,2,MH01,SB1,En,hello
IT269973,anh yêu em. a nh? em,anh yêu em. a nh? em,1,1,1,1,1,2,MH01,SB1,En,hello
IT271084,anh yêu em. a nh? em,anh yêu em. a nh? em,1,1,1,1,1,2,MH01,SB1,En,hello
IT272195,anh yêu em. a nh? em,anh yêu em. a nh? em,1,1,1,1,1,2,MH01,SB1,En,hello
IT273306,anh yêu em. a nh? em,anh yêu em. a nh? em,1,1,1,1,1,2,MH01,SB1,En,hello
IT274417,anh yêu em. a nh? em,anh yêu em. a nh? em,1,1,1,1,1,2,MH01,SB1,En,hello
IT275528,anh yêu em. a nh? em,anh yêu em. a nh? em,1,1,1,1,1,2,MH01,SB1,En,hello
IT276639,anh yêu em. a nh? em,anh yêu em. a nh? em,1,1,1,1,1,2,MH01,SB1,En,hello
IT277750,anh yêu em. a nh? em,anh yêu em. a nh? em,1,1,1,1,1,2,MH01,SB1,En,hello
IT278861,anh yêu em. a nh? em,anh yêu em. a nh? em,1,1,1,1,1,2,MH01,SB1,En,hello
IT279972,anh yêu em. a nh? em,anh yêu em. a nh? em,1,1,1,1,1,2,MH01,SB1,En,hello
IT281083,anh yêu em. a nh? em,anh yêu em. a nh? em,1,1,1,1,1,2,MH01,SB1,En,hello
IT282194,anh yêu em. a nh? em,anh yêu em. a nh? em,1,1,1,1,1,2,MH01,SB1,En,hello
IT283305,anh yêu em. a nh? em,anh yêu em. a nh? em,1,1,1,1,1,2,MH01,SB1,En,hello
IT284416,anh yêu em. a nh? em,anh yêu em. a nh? em,1,1,1,1,1,2,MH01,SB1,En,hello
IT285527,anh yêu em. a nh? em,anh yêu em. a nh? em,1,1,1,1,1,2,MH01,SB1,En,hello
IT286638,anh yêu em. a nh? em,anh yêu em. a nh? em,1,1,1,1,1,2,MH01,SB1,En,hello
IT287749,anh yêu em. a nh? em,anh yêu em. a nh? em,1,1,1,1,1,2,MH01,SB1,En,hello
IT288860,anh yêu em. a nh? em,anh yêu em. a nh? em,1,1,1,1,1,2,MH01,SB1,En,hello
IT289971,anh yêu em. a nh? em,anh yêu em. a nh? em,1,1,1,1,1,2,MH01,SB1,En,hello
IT291082,anh yêu em. a nh? em,anh yêu em. a nh? em,1,1,1,1,1,2,MH01,SB1,En,hello
IT292193,anh yêu em. a nh? em,anh yêu em. a nh? em,1,1,1,1,1,2,MH01,SB1,En,hello
IT293304,anh yêu em. a nh? em,anh yêu em. a nh? em,1,1,1,1,1,2,MH01,SB1,En,hello
IT294415,anh yêu em. a nh? em,anh yêu em. a nh? em,1,1,1,1,1,2,MH01,SB1,En,hello
IT295526,anh yêu em. a nh? em,anh yêu em. a nh? em,1,1,1,1,1,2,MH01,SB1,En,hello
IT296637,anh yêu em. a nh? em,anh yêu em. a nh? em,1,1,1,1,1,2,MH01,SB1,En,hello
IT297748,anh yêu em. a nh? em,anh yêu em. a nh? em,1,1,1,1,1,2,MH01,SB1,En,hello
IT298859,anh yêu em. a nh? em,anh yêu em. a nh? em,1,1,1,1,1,2,MH01,SB1,En,hello
IT299970,anh yêu em. a nh? em,anh yêu em. a nh? em,1,1,1,1,1,2,MH01,SB1,En,hello
IT301081,anh yêu em. a nh? em,anh yêu em. a nh? em,1,1,1,1,1,2,MH01,SB1,En,hello
IT302192,anh yêu em. a nh? em,anh yêu em. a nh? em,1,1,1,1,1,2,MH01,SB1,En,hello
IT303303,anh yêu em. a nh? em,anh yêu em. a nh? em,1,1,1,1,1,2,MH01,SB1,En,hello
IT304414,anh yêu em. a nh? em,anh yêu em. a nh? em,1,1,1,1,1,2,MH01,SB1,En,hello
IT305525,anh yêu em. a nh? em,anh yêu em. a nh? em,1,1,1,1,1,2,MH01,SB1,En,hello
IT306636,anh yêu em. a nh? em,anh yêu em. a nh? em,1,1,1,1,1,2,MH01,SB1,En,hello
IT307747,anh yêu em. a nh? em,anh yêu em. a nh? em,1,1,1,1,1,2,MH01,SB1,En,hello
IT308858,anh yêu em. a nh? em,anh yêu em. a nh? em,1,1,1,1,1,2,MH01,SB1,En,hello
IT309969,anh yêu em. a nh? em,anh yêu em. a nh? em,1,1,1,1,1,2,MH01,SB1,En,hello
IT311080,anh yêu em. a nh? em,anh yêu em. a nh? em,1,1,1,1,1,2,MH01,SB1,En,hello
IT312191,anh yêu em. a nh? em,anh yêu em. a nh? em,1,1,1,1,1,2,MH01,SB1,En,hello
IT313302,anh yêu em. a nh? em,anh yêu em. a nh? em,1,1,1,1,1,2,MH01,SB1,En,hello
IT314413,anh yêu em. a nh? em,anh yêu em. a nh? em,1,1,1,1,1,2,MH01,SB1,En,hello
IT315524,anh yêu em. a nh? em,anh yêu em. a nh? em,1,1,1,1,1,2,MH01,SB1,En,hello
IT316635,anh yêu em. a nh? em,anh yêu em. a nh? em,1,1,1,1,1,2,MH01,SB1,En,hello
IT317746,anh yêu em. a nh? em,anh yêu em. a nh? em,1,1,1,1,1,2,MH01,SB1,En,hello
IT318857,anh yêu em. a nh? em,anh yêu em. a nh? em,1,1,1,1,1,2,MH01,SB1,En,hello
IT319968,anh yêu em. a nh? em,anh yêu em. a nh? em,1,1,1,1,1,2,MH01,SB1,En,hello
IT321079,anh yêu em. a nh? em,anh yêu em. a nh? em,1,1,1,1,1,2,MH01,SB1,En,hello
IT322190,anh yêu em. a nh? em,anh yêu em. a nh? em,1,1,1,1,1,2,MH01,SB1,En,hello
IT323301,anh yêu em. a nh? em,anh yêu em. a nh? em,1,1,1,1,1,2,MH01,SB1,En,hello
IT324412,anh yêu em. a nh? em,anh yêu em. a nh? em,1,1,1,1,1,2,MH01,SB1,En,hello
IT325523,anh yêu em. a nh? em,anh yêu em. a nh? em,1,1,1,1,1,2,MH01,SB1,En,hello
IT326634,anh yêu em. a nh? em,anh yêu em. a nh? em,1,1,1,1,1,2,MH01,SB1,En,hello
IT327745,anh yêu em. a nh? em,anh yêu em. a nh? em,1,1,1,1,1,2,MH01,SB1,En,hello
IT328856,anh yêu em. a nh? em,anh yêu em. a nh? em,1,1,1,1,1,2,MH01,SB1,En,hello
IT329967,anh yêu em. a nh? em,anh yêu em. a nh? em,1,1,1,1,1,2,MH01,SB1,En,hello
IT331078,anh yêu em. a nh? em,anh yêu em. a nh? em,1,1,1,1,1,2,MH01,SB1,En,hello
IT332189,anh yêu em. a nh? em,anh yêu em. a nh? em,1,1,1,1,1,2,MH01,SB1,En,hello
IT333300,anh yêu em. a nh? em,anh yêu em. a nh? em,1,1,1,1,1,2,MH01,SB1,En,hello
IT334411,anh yêu em. a nh? em,anh yêu em. a nh? em,1,1,1,1,1,2,MH01,SB1,En,hello
IT335522,anh yêu em. a nh? em,anh yêu em. a nh? em,1,1,1,1,1,2,MH01,SB1,En,hello
IT336633,anh yêu em. a nh? em,anh yêu em. a nh? em,1,1,1,1,1,2,MH01,SB1,En,hello
IT337744,anh yêu em. a nh? em,anh yêu em. a nh? em,1,1,1,1,1,2,MH01,SB1,En,hello
IT338855,anh yêu em. a nh? em,anh yêu em. a nh? em,1,1,1,1,1,2,MH01,SB1,En,hello
IT339966,anh yêu em. a nh? em,anh yêu em. a nh? em,1,1,1,1,1,2,MH01,SB1,En,hello
IT341077,anh yêu em. a nh? em,anh yêu em. a nh? em,1,1,1,1,1,2,MH01,SB1,En,hello
IT342188,anh yêu em. a nh? em,anh yêu em. a nh? em,1,1,1,1,1,2,MH01,SB1,En,hello
IT343299,anh yêu em. a nh? em,anh yêu em. a nh? em,1,1,1,1,1,2,MH01,SB1,En,hello
IT344410,anh yêu em. a nh? em,anh yêu em. a nh? em,1,1,1,1,1,2,MH01,SB1,En,hello
IT345521,anh yêu em. a nh? em,anh yêu em. a nh? em,1,1,1,1,1,2,MH01,SB1,En,hello
IT346632,anh yêu em. a nh? em,anh yêu em. a nh? em,1,1,1,1,1,2,MH01,SB1,En,hello
IT347743,anh yêu em. a nh? em,anh yêu em. a nh? em,1,1,1,1,1,2,MH01,SB1,En,hello
IT348854,anh yêu em. a nh? em,anh yêu em. a nh? em,1,1,1,1,1,2,MH01,SB1,En,hello
IT349965,anh yêu em. a nh? em,anh yêu em. a nh? em,1,1,1,1,1,2,MH01,SB1,En,hello
IT351076,anh yêu em. a nh? em,anh yêu em. a nh? em,1,1,1,1,1,2,MH01,SB1,En,hello
IT352187,anh yêu em. a nh? em,anh yêu em. a nh? em,1,1,1,1,1,2,MH01,SB1,En,hello
IT353298,anh yêu em. a nh? em,anh yêu em. a nh? em,1,1,1,1,1,2,MH01,SB1,En,hello
IT354409,anh yêu em. a nh? em,anh yêu em. a nh? em,1,1,1,1,1,2,MH01,SB1,En,hello
IT355520,anh yêu em. a nh? em,anh yêu em. a nh? em,1,1,1,1,1,2,MH01,SB1,En,hello
IT356631,anh yêu em. a nh? em,anh yêu em. a nh? em,1,1,1,1,1,2,MH01,SB1,En,hello
IT357742,anh yêu em. a nh? em,anh yêu em. a nh? em,1,1,1,1,1,2,MH01,SB1,En,hello
IT358853,anh yêu em. a nh? em,anh yêu em. a nh? em,1,1,1,1,1,2,MH01,SB1,En,hello
IT359964,anh yêu em. a nh? em,anh yêu em. a nh? em,1,1,1,1,1,2,MH01,SB1,En,hello
IT361075,anh yêu em. a nh? em,anh yêu em. a nh? em,1,1,1,1,1,2,MH01,SB1,En,hello
IT362186,anh yêu em. a nh? em,anh yêu em. a nh? em,1,1,1,1,1,2,MH01,SB1,En,hello
IT363297,anh yêu em. a nh? em,anh yêu em. a nh? em,1,1,1,1,1,2,MH01,SB1,En,hello
IT364408,anh yêu em. a nh? em,anh yêu em. a nh? em,1,1,1,1,1,2,MH01,SB1,En,hello
IT365519,anh yêu em. a nh? em,anh yêu em. a nh? em,1,1,1,1,1,2,MH01,SB1,En,hello
IT366630,anh yêu em. a nh? em,anh yêu em. a nh? em,1,1,1,1,1,2,MH01,SB1,En,hello
IT367741,anh yêu em. a nh? em,anh yêu em. a nh? em,1,1,1,1,1,2,MH01,SB1,En,hello
IT368852,anh yêu em. a nh? em,anh yêu em. a nh? em,1,1,1,1,1,2,MH01,SB1,En,hello
IT369963,anh yêu em. a nh? em,anh yêu em. a nh? em,1,1,1,1,1,2,MH01,SB1,En,hello
IT371074,anh yêu em. a nh? em,anh yêu em. a nh? em,1,1,1,1,1,2,MH01,SB1,En,hello
IT372185,anh yêu em. a nh? em,anh yêu em. a nh? em,1,1,1,1,1,2,MH01,SB1,En,hello
IT373296,anh yêu em. a nh? em,anh yêu em. a nh? em,1,1,1,1,1,2,MH01,SB1,En,hello
IT374407,anh yêu em. a nh? em,anh yêu em. a nh? em,1,1,1,1,1,2,MH01,SB1,En,hello
IT375518,anh yêu em. a nh? em,anh yêu em. a nh? em,1,1,1,1,1,2,MH01,SB1,En,hello
IT376629,anh yêu em. a nh? em,anh yêu em. a nh? em,1,1,1,1,1,2,MH01,SB1,En,hello
IT377740,anh yêu em. a nh? em,anh yêu em. a nh? em,1,1,1,1,1,2,MH01,SB1,En,hello
IT378851,anh yêu em. a nh? em,anh yêu em. a nh? em,1,1,1,1,1,2,MH01,SB1,En,hello
IT379962,anh yêu em. a nh? em,anh yêu em. a nh? em,1,1,1,1,1,2,MH01,SB1,En,hello
IT381073,anh yêu em. a nh? em,anh yêu em. a nh? em,1,1,1,1,1,2,MH01,SB1,En,hello
IT382184,anh yêu em. a nh? em,anh yêu em. a nh? em,1,1,1,1,1,2,MH01,SB1,En,hello
IT383295,anh yêu em. a nh? em,anh yêu em. a nh? em,1,1,1,1,1,2,MH01,SB1,En,hello
IT384406,anh yêu em. a nh? em,anh yêu em. a nh? em,1,1,1,1,1,2,MH01,SB1,En,hello
IT385517,anh yêu em. a nh? em,anh yêu em. a nh? em,1,1,1,1,1,2,MH01,SB1,En,hello
IT386628,anh yêu em. a nh? em,anh yêu em. a nh? em,1,1,1,1,1,2,MH01,SB1,En,hello
IT387739,anh yêu em. a nh? em,anh yêu em. a nh? em,1,1,1,1,1,2,MH01,SB1,En,hello
IT388850,anh yêu em. a nh? em,anh yêu em. a nh? em,1,1,1,1,1,2,MH01,SB1,En,hello
IT389961,anh yêu em. a nh? em,anh yêu em. a nh? em,1,1,1,1,1,2,MH01,SB1,En,hello
IT391072,anh yêu em. a nh? em,anh yêu em. a nh? em,1,1,1,1,1,2,MH01,SB1,En,hello
IT392183,anh yêu em. a nh? em,anh yêu em. a nh? em,1,1,1,1,1,2,MH01,SB1,En,hello
IT393294,anh yêu em. a nh? em,anh yêu em. a nh? em,1,1,1,1,1,2,MH01,SB1,En,hello
IT394405,anh yêu em. a nh? em,anh yêu em. a nh? em,1,1,1,1,1,2,MH01,SB1,En,hello
IT395516,anh yêu em. a nh? em,anh yêu em. a nh? em,1,1,1,1,1,2,MH01,SB1,En,hello
IT396627,anh yêu em. a nh? em,anh yêu em. a nh? em,1,1,1,1,1,2,MH01,SB1,En,hello
IT397738,anh yêu em. a nh? em,anh yêu em. a nh? em,1,1,1,1,1,2,MH01,SB1,En,hello
IT398849,anh yêu em. a nh? em,anh yêu em. a nh? em,1,1,1,1,1,2,MH01,SB1,En,hello
IT399960,anh yêu em. a nh? em,anh yêu em. a nh? em,1,1,1,1,1,2,MH01,SB1,En,hello
IT401071,anh yêu em. a nh? em,anh yêu em. a nh? em,1,1,1,1,1,2,MH01,SB1,En,hello
IT402182,anh yêu em. a nh? em,anh yêu em. a nh? em,1,1,1,1,1,2,MH01,SB1,En,hello
IT403293,anh yêu em. a nh? em,anh yêu em. a nh? em,1,1,1,1,1,2,MH01,SB1,En,hello
IT404404,anh yêu em. a nh? em,anh yêu em. a nh? em,1,1,1,1,1,2,MH01,SB1,En,hello
IT405515,anh yêu em. a nh? em,anh yêu em. a nh? em,1,1,1,1,1,2,MH01,SB1,En,hello
IT406626,anh yêu em. a nh? em,anh yêu em. a nh? em,1,1,1,1,1,2,MH01,SB1,En,hello
IT407737,anh yêu em. a nh? em,anh yêu em. a nh? em,1,1,1,1,1,2,MH01,SB1,En,hello
IT408848,anh yêu em. a nh? em,anh yêu em. a nh? em,1,1,1,1,1,2,MH01,SB1,En,hello
IT409959,anh yêu em. a nh? em,anh yêu em. a nh? em,1,1,1,1,1,2,MH01,SB1,En,hello
IT411070,anh yêu em. a nh? em,anh yêu em. a nh? em,1,1,1,1,1,2,MH01,SB1,En,hello
IT412181,anh yêu em. a nh? em,anh yêu em. a nh? em,1,1,1,1,1,2,MH01,SB1,En,hello
